"img_url0","img_url1"
"https://m.media-amazon.com/images/I/31-cLVpL20L.jpg","https://assets.bwbx.io/images/users/iqjWHBFdfxIU/i6t9SMUwKRHk/v0/800x-1.jpg"
"https://m.media-amazon.com/images/I/31-cLVpL20L.jpg","https://encrypted-tbn0.gstatic.com/images?q=tbn:ANd9GcS4mHfYHQutrU7_37FoayDt__u-PxbqkboKcjaW6-sPVU10soFCqw"
"https://m.media-amazon.com/images/I/31-cLVpL20L.jpg","https://encrypted-tbn0.gstatic.com/images?q=tbn:ANd9GcSyjxmaAPZL2EiQ-2rFPBg4UvCCD9YVMUVepP9jX8NPM0WUPZ4Jiw"
"https://m.media-amazon.com/images/I/31-cLVpL20L.jpg","http://www.sponichi.co.jp/entertainment/news/2017/01/22/jpeg/20170121s00041000310000p_view.jpg"
"https://m.media-amazon.com/images/I/31-cLVpL20L.jpg","https://item-shopping.c.yimg.jp/i/j/arune_j-5401"
"https://trendsettermarketing.net/wp-content/uploads/2016/11/ppap.png","http://1noce.com/wp-content/uploads/2016/11/pikotarou1-678x381.jpg"
"https://trendsettermarketing.net/wp-content/uploads/2016/11/ppap.png","https://encrypted-tbn0.gstatic.com/images?q=tbn:ANd9GcSRyD7nol_g5gbjs0RsalDp6tvcbT1qb94RKWfTLSEJ0BlvypJm"
"https://trendsettermarketing.net/wp-content/uploads/2016/11/ppap.png","https://pbs.twimg.com/profile_images/1045061657293139968/__9ZeUaP.jpg"
"https://trendsettermarketing.net/wp-content/uploads/2016/11/ppap.png","https://encrypted-tbn0.gstatic.com/images?q=tbn:ANd9GcT19q2pAQEQB7PBI7r1Kp1YRj0fMHvI0fWPWwszuBVJNjIZzeP_"
"https://trendsettermarketing.net/wp-content/uploads/2016/11/ppap.png","http://dews365.com/wp-content/uploads/2016/10/8545500dd352d74f881560582e47e316.jpg"
"http://anime-tosidensetu.com/wp-content/uploads/2014/12/SnapCrab_NoName_2014-12-3_22-45-20_No-00.jpg","https://www.plazastyle.com/images/charapla-wally/main_img03.png"
"http://anime-tosidensetu.com/wp-content/uploads/2014/12/SnapCrab_NoName_2014-12-3_22-45-20_No-00.jpg","https://obs.line-scdn.net/0h8KIxRVq0Z2R0AUi2TEwYMzlcYQsNYn1sHnlwXgFXbUoBbXBkHHtwQAhZYQwBLSRnThB3STF-ailaSH9NFQ9Mazl-MQo5SXtVCQNhRCFqJVRdMCQzTWEhAFQBMQFYMSczTCIpBQYBPQZYYQ/small"
"http://anime-tosidensetu.com/wp-content/uploads/2014/12/SnapCrab_NoName_2014-12-3_22-45-20_No-00.jpg","https://rr.img.naver.jp/mig?src=http%3A%2F%2Fimgcc.naver.jp%2Fkaze%2Fmission%2FUSER%2F20121013%2F10%2F1183800%2F160%2F640x960x639501ba53d47e1b682ce7f7.jpg%2F300%2F600&twidth=300&theight=600&qlt=80&res_format=jpg&op=r"
"http://anime-tosidensetu.com/wp-content/uploads/2014/12/SnapCrab_NoName_2014-12-3_22-45-20_No-00.jpg","http://img01.miyachan.cc/usr/piace/20110712_001.jpg"
"http://anime-tosidensetu.com/wp-content/uploads/2014/12/SnapCrab_NoName_2014-12-3_22-45-20_No-00.jpg","https://obs.line-scdn.net/0h4vWukrPZa1lqDESDQ1kUDidRbTYTb3FRAHR8Yx9aYXcfYHxZAnZ8fRZUbTEfIH9yPmkgWBxTUG4HYVtaEyl6VDANbi5HQE8OMBdlSgx8KWlDPSgLUWwiOk8MPTxGPC8JUy8lOBgEMDkQPw/small"
